model,protocol,config,params,train_pr_auc,cv_mean,cv_sd,cv_se,gap
xgboost,stratified,phase3 anchor,"{""subsample"": 0.8, ""n_estimators"": 300, ""max_depth"": 5, ""learning_rate"": 0.03, ""colsample_bytree"": 1.0}",0.9960378750170118,0.8516532226012,0.02766653938169276,0.012372852551928002,0.14438465241581178
xgboost,stratified,search 00,"{""subsample"": 0.8, ""reg_lambda"": 1, ""reg_alpha"": 5, ""n_estimators"": 400, ""min_child_weight"": 5, ""max_depth"": 3, ""learning_rate"": 0.05, ""gamma"": 1, ""colsample_bytree"": 0.8}",0.8883287771813152,0.8334859258946331,0.03388396005853537,0.015153367607554567,0.05484285128668209
xgboost,stratified,search 01,"{""subsample"": 0.7, ""reg_lambda"": 5, ""reg_alpha"": 5, ""n_estimators"": 100, ""min_child_weight"": 5, ""max_depth"": 5, ""learning_rate"": 0.03, ""gamma"": 2, ""colsample_bytree"": 0.8}",0.8380307234585979,0.8133843237549158,0.03520428856408566,0.0157438364657628,0.024646399703682098
xgboost,stratified,search 02,"{""subsample"": 0.8, ""reg_lambda"": 1, ""reg_alpha"": 1, ""n_estimators"": 100, ""min_child_weight"": 1, ""max_depth"": 2, ""learning_rate"": 0.02, ""gamma"": 0.5, ""colsample_bytree"": 0.8}",0.8106864954791282,0.8088540361820028,0.03280502116811338,0.014670851467044214,0.0018324592971253884
xgboost,stratified,search 03,"{""subsample"": 0.8, ""reg_lambda"": 20, ""reg_alpha"": 5, ""n_estimators"": 200, ""min_child_weight"": 10, ""max_depth"": 4, ""learning_rate"": 0.03, ""gamma"": 1, ""colsample_bytree"": 0.8}",0.8403227846407605,0.8121455667711185,0.03545655593317606,0.01585665386292103,0.028177217869642
xgboost,stratified,search 04,"{""subsample"": 0.6, ""reg_lambda"": 1, ""reg_alpha"": 0, ""n_estimators"": 400, ""min_child_weight"": 1, ""max_depth"": 3, ""learning_rate"": 0.05, ""gamma"": 0.5, ""colsample_bytree"": 0.8}",0.9845117199076602,0.8485400302474273,0.030900800571135246,0.013819258127244546,0.13597168966023288
xgboost,stratified,search 05,"{""subsample"": 0.7, ""reg_lambda"": 20, ""reg_alpha"": 1, ""n_estimators"": 100, ""min_child_weight"": 5, ""max_depth"": 2, ""learning_rate"": 0.1, ""gamma"": 0, ""colsample_bytree"": 0.7}",0.8495800403072643,0.8239698121189937,0.036714260521714656,0.016419116454038173,0.025610228188270634
xgboost,stratified,search 06,"{""subsample"": 0.6, ""reg_lambda"": 20, ""reg_alpha"": 5, ""n_estimators"": 300, ""min_child_weight"": 20, ""max_depth"": 4, ""learning_rate"": 0.1, ""gamma"": 2, ""colsample_bytree"": 0.8}",0.8453688696583309,0.8014746972464242,0.040904171702149106,0.018292901697865734,0.04389417241190674
xgboost,stratified,search 07,"{""subsample"": 0.6, ""reg_lambda"": 10, ""reg_alpha"": 1, ""n_estimators"": 300, ""min_child_weight"": 10, ""max_depth"": 3, ""learning_rate"": 0.05, ""gamma"": 2, ""colsample_bytree"": 0.7}",0.8729649102710584,0.8354167153995004,0.033341927537740276,0.014910963295051888,0.03754819487155803
xgboost,stratified,search 08,"{""subsample"": 0.8, ""reg_lambda"": 20, ""reg_alpha"": 0, ""n_estimators"": 400, ""min_child_weight"": 10, ""max_depth"": 2, ""learning_rate"": 0.1, ""gamma"": 0.5, ""colsample_bytree"": 0.8}",0.9028521241880307,0.8421121186542809,0.0322103263432132,0.014404895856175387,0.06074000553374981
xgboost,stratified,search 09,"{""subsample"": 0.6, ""reg_lambda"": 1, ""reg_alpha"": 0, ""n_estimators"": 200, ""min_child_weight"": 10, ""max_depth"": 5, ""learning_rate"": 0.1, ""gamma"": 1, ""colsample_bytree"": 0.8}",0.9194704383397345,0.8390208423664707,0.029472391096991613,0.013180453990466568,0.08044959597326384
xgboost,stratified,search 10,"{""subsample"": 0.6, ""reg_lambda"": 5, ""reg_alpha"": 0, ""n_estimators"": 200, ""min_child_weight"": 5, ""max_depth"": 4, ""learning_rate"": 0.03, ""gamma"": 0.5, ""colsample_bytree"": 0.6}",0.8766900531096772,0.8363479746502787,0.030144900748864285,0.01348120944988897,0.04034207845939852
xgboost,stratified,search 11,"{""subsample"": 0.8, ""reg_lambda"": 1, ""reg_alpha"": 1, ""n_estimators"": 200, ""min_child_weight"": 1, ""max_depth"": 3, ""learning_rate"": 0.05, ""gamma"": 2, ""colsample_bytree"": 0.6}",0.9109180515353051,0.8386723146489053,0.03005394635642614,0.013440533409020194,0.07224573688639979
xgboost,stratified,search 12,"{""subsample"": 0.6, ""reg_lambda"": 20, ""reg_alpha"": 0, ""n_estimators"": 400, ""min_child_weight"": 5, ""max_depth"": 3, ""learning_rate"": 0.1, ""gamma"": 0.5, ""colsample_bytree"": 0.7}",0.9346833429488152,0.847047931968345,0.029562123257282486,0.013220583432502228,0.08763541098047012
xgboost,stratified,search 13,"{""subsample"": 0.8, ""reg_lambda"": 10, ""reg_alpha"": 1, ""n_estimators"": 100, ""min_child_weight"": 1, ""max_depth"": 4, ""learning_rate"": 0.05, ""gamma"": 0.5, ""colsample_bytree"": 0.7}",0.8832697000909703,0.8293972286033148,0.027443079827986622,0.012272918401466264,0.053872471487655504
xgboost,stratified,search 14,"{""subsample"": 0.7, ""reg_lambda"": 1, ""reg_alpha"": 1, ""n_estimators"": 200, ""min_child_weight"": 1, ""max_depth"": 3, ""learning_rate"": 0.02, ""gamma"": 0, ""colsample_bytree"": 0.6}",0.8694482919136834,0.8311876778750701,0.030278668643013835,0.013541032270794048,0.03826061403861336
xgboost,stratified,search 15,"{""subsample"": 0.8, ""reg_lambda"": 20, ""reg_alpha"": 0, ""n_estimators"": 400, ""min_child_weight"": 40, ""max_depth"": 4, ""learning_rate"": 0.02, ""gamma"": 0.5, ""colsample_bytree"": 0.7}",0.809168881900538,0.7800760009089214,0.03560730103570352,0.015924069122226346,0.029092880991616665
xgboost,stratified,search 16,"{""subsample"": 0.8, ""reg_lambda"": 5, ""reg_alpha"": 1, ""n_estimators"": 400, ""min_child_weight"": 1, ""max_depth"": 4, ""learning_rate"": 0.05, ""gamma"": 0.5, ""colsample_bytree"": 0.7}",0.9881289112381015,0.8460975258007888,0.025720108510727095,0.011502382203731332,0.14203138543731275
xgboost,stratified,search 17,"{""subsample"": 0.7, ""reg_lambda"": 10, ""reg_alpha"": 1, ""n_estimators"": 400, ""min_child_weight"": 5, ""max_depth"": 5, ""learning_rate"": 0.03, ""gamma"": 0, ""colsample_bytree"": 0.6}",0.9061228622207043,0.8435529583666579,0.028175104531545887,0.012600289801139794,0.06256990385404637
xgboost,stratified,search 18,"{""subsample"": 0.8, ""reg_lambda"": 20, ""reg_alpha"": 5, ""n_estimators"": 300, ""min_child_weight"": 10, ""max_depth"": 5, ""learning_rate"": 0.1, ""gamma"": 0, ""colsample_bytree"": 0.8}",0.8967190634931075,0.8394318790607527,0.03273174212878815,0.014638080084392794,0.05728718443235481
xgboost,stratified,search 19,"{""subsample"": 0.6, ""reg_lambda"": 20, ""reg_alpha"": 1, ""n_estimators"": 200, ""min_child_weight"": 10, ""max_depth"": 4, ""learning_rate"": 0.03, ""gamma"": 2, ""colsample_bytree"": 0.7}",0.8339340094367605,0.8112912299867843,0.039574584431620485,0.017698292194081654,0.02264277944997628
xgboost,stratified,search 20,"{""subsample"": 0.6, ""reg_lambda"": 1, ""reg_alpha"": 0, ""n_estimators"": 100, ""min_child_weight"": 10, ""max_depth"": 3, ""learning_rate"": 0.03, ""gamma"": 2, ""colsample_bytree"": 0.8}",0.8443162687588295,0.8201262304976078,0.04028901694986604,0.018017796129308337,0.02419003826122168
xgboost,stratified,search 21,"{""subsample"": 0.7, ""reg_lambda"": 20, ""reg_alpha"": 1, ""n_estimators"": 300, ""min_child_weight"": 5, ""max_depth"": 3, ""learning_rate"": 0.03, ""gamma"": 2, ""colsample_bytree"": 0.7}",0.862707291441971,0.8296537652023186,0.03407171860044645,0.015237335780168452,0.03305352623965241
xgboost,stratified,search 22,"{""subsample"": 0.8, ""reg_lambda"": 5, ""reg_alpha"": 5, ""n_estimators"": 400, ""min_child_weight"": 1, ""max_depth"": 4, ""learning_rate"": 0.05, ""gamma"": 1, ""colsample_bytree"": 0.8}",0.8997557688556989,0.8358033430516179,0.029117986172562928,0.013021959289949925,0.063952425804081
xgboost,stratified,search 23,"{""subsample"": 0.8, ""reg_lambda"": 20, ""reg_alpha"": 1, ""n_estimators"": 200, ""min_child_weight"": 5, ""max_depth"": 3, ""learning_rate"": 0.03, ""gamma"": 2, ""colsample_bytree"": 0.8}",0.8506568659323637,0.8201620749307095,0.03628432841022318,0.01622684496863718,0.030494791001654198
xgboost,stratified,search 24,"{""subsample"": 0.8, ""reg_lambda"": 20, ""reg_alpha"": 0, ""n_estimators"": 100, ""min_child_weight"": 40, ""max_depth"": 5, ""learning_rate"": 0.02, ""gamma"": 0, ""colsample_bytree"": 0.6}",0.7374041294734429,0.7281082623498196,0.03370350226411134,0.015072664428474205,0.009295867123623291
xgboost,stratified,search 25,"{""subsample"": 0.6, ""reg_lambda"": 5, ""reg_alpha"": 1, ""n_estimators"": 100, ""min_child_weight"": 1, ""max_depth"": 2, ""learning_rate"": 0.1, ""gamma"": 1, ""colsample_bytree"": 0.8}",0.8593977814199482,0.8273834943476924,0.03441033802909975,0.015388770992362634,0.03201428707225573
xgboost,stratified,search 26,"{""subsample"": 0.7, ""reg_lambda"": 1, ""reg_alpha"": 5, ""n_estimators"": 200, ""min_child_weight"": 5, ""max_depth"": 5, ""learning_rate"": 0.05, ""gamma"": 0.5, ""colsample_bytree"": 0.7}",0.8937793627094461,0.8336399132130584,0.031582036321006486,0.014123916016327573,0.06013944949638772
xgboost,stratified,search 27,"{""subsample"": 0.6, ""reg_lambda"": 20, ""reg_alpha"": 1, ""n_estimators"": 300, ""min_child_weight"": 10, ""max_depth"": 2, ""learning_rate"": 0.03, ""gamma"": 2, ""colsample_bytree"": 0.8}",0.8446389145375436,0.8234899569645149,0.03740294140022479,0.01672710390586876,0.021148957573028704
xgboost,stratified,search 28,"{""subsample"": 0.6, ""reg_lambda"": 10, ""reg_alpha"": 1, ""n_estimators"": 400, ""min_child_weight"": 10, ""max_depth"": 3, ""learning_rate"": 0.03, ""gamma"": 2, ""colsample_bytree"": 0.7}",0.868533384334895,0.8333286738148766,0.03450929701979383,0.01543302679839798,0.03520471052001839
xgboost,stratified,search 29,"{""subsample"": 0.6, ""reg_lambda"": 10, ""reg_alpha"": 0, ""n_estimators"": 400, ""min_child_weight"": 20, ""max_depth"": 3, ""learning_rate"": 0.03, ""gamma"": 1, ""colsample_bytree"": 0.8}",0.8548757576880031,0.8155165092316521,0.03980136865003701,0.017799713179802355,0.03935924845635097
xgboost,stratified,search 30,"{""subsample"": 0.7, ""reg_lambda"": 10, ""reg_alpha"": 0, ""n_estimators"": 200, ""min_child_weight"": 20, ""max_depth"": 3, ""learning_rate"": 0.1, ""gamma"": 0.5, ""colsample_bytree"": 0.7}",0.8713606597138519,0.8327382045106081,0.03686428619278326,0.016486209973814055,0.03862245520324381
xgboost,stratified,search 31,"{""subsample"": 0.6, ""reg_lambda"": 10, ""reg_alpha"": 0, ""n_estimators"": 100, ""min_child_weight"": 1, ""max_depth"": 5, ""learning_rate"": 0.1, ""gamma"": 0, ""colsample_bytree"": 0.7}",0.9305653126189268,0.8445176767361733,0.027165007606523624,0.012148560723497136,0.08604763588275355
xgboost,stratified,search 32,"{""subsample"": 0.8, ""reg_lambda"": 20, ""reg_alpha"": 1, ""n_estimators"": 400, ""min_child_weight"": 20, ""max_depth"": 2, ""learning_rate"": 0.1, ""gamma"": 0.5, ""colsample_bytree"": 0.7}",0.8833148521859164,0.8325120574243308,0.034004481499108084,0.015207266434327925,0.05080279476158567
xgboost,stratified,search 33,"{""subsample"": 0.6, ""reg_lambda"": 5, ""reg_alpha"": 1, ""n_estimators"": 100, ""min_child_weight"": 40, ""max_depth"": 5, ""learning_rate"": 0.05, ""gamma"": 1, ""colsample_bytree"": 0.6}",0.7741550478991847,0.733538639645049,0.03504195015864783,0.01567123652377922,0.040616408254135705
xgboost,stratified,search 34,"{""subsample"": 0.8, ""reg_lambda"": 10, ""reg_alpha"": 0, ""n_estimators"": 100, ""min_child_weight"": 10, ""max_depth"": 3, ""learning_rate"": 0.02, ""gamma"": 1, ""colsample_bytree"": 0.8}",0.8181187759999471,0.7951229098006023,0.035226926739614806,0.015753960565636747,0.022995866199344794
xgboost,stratified,search 35,"{""subsample"": 0.6, ""reg_lambda"": 10, ""reg_alpha"": 1, ""n_estimators"": 100, ""min_child_weight"": 40, ""max_depth"": 5, ""learning_rate"": 0.1, ""gamma"": 0, ""colsample_bytree"": 0.6}",0.8061597626187584,0.7490235016419053,0.029332176088448316,0.013117747932352862,0.05713626097685309
xgboost,stratified,search 36,"{""subsample"": 0.8, ""reg_lambda"": 10, ""reg_alpha"": 0, ""n_estimators"": 400, ""min_child_weight"": 40, ""max_depth"": 5, ""learning_rate"": 0.1, ""gamma"": 0.5, ""colsample_bytree"": 0.7}",0.8454555164482417,0.8046004819542052,0.042655821680484755,0.019076263382734646,0.04085503449403649
xgboost,stratified,search 37,"{""subsample"": 0.8, ""reg_lambda"": 1, ""reg_alpha"": 0, ""n_estimators"": 100, ""min_child_weight"": 10, ""max_depth"": 3, ""learning_rate"": 0.03, ""gamma"": 0, ""colsample_bytree"": 0.6}",0.8476390099380078,0.8226572228645592,0.03716293561685681,0.01661977005654798,0.024981787073448558
xgboost,stratified,search 38,"{""subsample"": 0.8, ""reg_lambda"": 1, ""reg_alpha"": 5, ""n_estimators"": 400, ""min_child_weight"": 20, ""max_depth"": 3, ""learning_rate"": 0.05, ""gamma"": 2, ""colsample_bytree"": 0.6}",0.8548678484659085,0.8268381743820574,0.04088809377213111,0.01828571142897419,0.02802967408385104
xgboost,stratified,search 39,"{""subsample"": 0.7, ""reg_lambda"": 1, ""reg_alpha"": 1, ""n_estimators"": 200, ""min_child_weight"": 5, ""max_depth"": 3, ""learning_rate"": 0.05, ""gamma"": 2, ""colsample_bytree"": 0.7}",0.900493384702471,0.837581582180138,0.02964538111194848,0.013257817477041021,0.06291180252233297
xgboost,chronological,phase3 anchor,"{""subsample"": 0.8, ""n_estimators"": 400, ""max_depth"": 5, ""learning_rate"": 0.03, ""colsample_bytree"": 0.8}",0.9995003180855645,0.8089493891984418,0.01408709603391341,0.006299940867479614,0.19055092888712266
xgboost,chronological,search 00,"{""subsample"": 0.8, ""reg_lambda"": 1, ""reg_alpha"": 5, ""n_estimators"": 400, ""min_child_weight"": 5, ""max_depth"": 3, ""learning_rate"": 0.05, ""gamma"": 1, ""colsample_bytree"": 0.8}",0.8984614371249156,0.7960866728270384,0.01606517124868711,0.0071845629964479105,0.10237476429787717
xgboost,chronological,search 01,"{""subsample"": 0.7, ""reg_lambda"": 5, ""reg_alpha"": 5, ""n_estimators"": 100, ""min_child_weight"": 5, ""max_depth"": 5, ""learning_rate"": 0.03, ""gamma"": 2, ""colsample_bytree"": 0.8}",0.8411141579282319,0.7917459112667384,0.01512384286203661,0.006763588144107767,0.04936824666149342
xgboost,chronological,search 02,"{""subsample"": 0.8, ""reg_lambda"": 1, ""reg_alpha"": 1, ""n_estimators"": 100, ""min_child_weight"": 1, ""max_depth"": 2, ""learning_rate"": 0.02, ""gamma"": 0.5, ""colsample_bytree"": 0.8}",0.7969358570072619,0.7847952957137725,0.011075479757209373,0.004953105124108605,0.012140561293489394
xgboost,chronological,search 03,"{""subsample"": 0.8, ""reg_lambda"": 20, ""reg_alpha"": 5, ""n_estimators"": 200, ""min_child_weight"": 10, ""max_depth"": 4, ""learning_rate"": 0.03, ""gamma"": 1, ""colsample_bytree"": 0.8}",0.8463532212249479,0.7953149273628937,0.017040107008512405,0.007620567522980864,0.051038293862054274
xgboost,chronological,search 04,"{""subsample"": 0.6, ""reg_lambda"": 1, ""reg_alpha"": 0, ""n_estimators"": 400, ""min_child_weight"": 1, ""max_depth"": 3, ""learning_rate"": 0.05, ""gamma"": 0.5, ""colsample_bytree"": 0.8}",0.9823347855647875,0.8106522534551613,0.017554057426989712,0.007850413137536809,0.17168253210962614
xgboost,chronological,search 05,"{""subsample"": 0.7, ""reg_lambda"": 20, ""reg_alpha"": 1, ""n_estimators"": 100, ""min_child_weight"": 5, ""max_depth"": 2, ""learning_rate"": 0.1, ""gamma"": 0, ""colsample_bytree"": 0.7}",0.852339436306131,0.7962537860570545,0.017811938122566862,0.007965740890615896,0.05608565024907641
xgboost,chronological,search 06,"{""subsample"": 0.6, ""reg_lambda"": 20, ""reg_alpha"": 5, ""n_estimators"": 300, ""min_child_weight"": 20, ""max_depth"": 4, ""learning_rate"": 0.1, ""gamma"": 2, ""colsample_bytree"": 0.8}",0.8460370950157624,0.7874011642762273,0.023423193909264534,0.010475170766254907,0.0586359307395351
xgboost,chronological,search 07,"{""subsample"": 0.6, ""reg_lambda"": 10, ""reg_alpha"": 1, ""n_estimators"": 300, ""min_child_weight"": 10, ""max_depth"": 3, ""learning_rate"": 0.05, ""gamma"": 2, ""colsample_bytree"": 0.7}",0.8804997751880317,0.7956643960486927,0.016918146784234027,0.00756602525257335,0.08483537913933903
xgboost,chronological,search 08,"{""subsample"": 0.8, ""reg_lambda"": 20, ""reg_alpha"": 0, ""n_estimators"": 400, ""min_child_weight"": 10, ""max_depth"": 2, ""learning_rate"": 0.1, ""gamma"": 0.5, ""colsample_bytree"": 0.8}",0.9083414666935022,0.8030955451323589,0.01962331011147559,0.00877581107056368,0.10524592156114332
xgboost,chronological,search 09,"{""subsample"": 0.6, ""reg_lambda"": 1, ""reg_alpha"": 0, ""n_estimators"": 200, ""min_child_weight"": 10, ""max_depth"": 5, ""learning_rate"": 0.1, ""gamma"": 1, ""colsample_bytree"": 0.8}",0.9242288298097742,0.7969925868024476,0.017891122866619678,0.0080011533847125,0.1272362430073266
xgboost,chronological,search 10,"{""subsample"": 0.6, ""reg_lambda"": 5, ""reg_alpha"": 0, ""n_estimators"": 200, ""min_child_weight"": 5, ""max_depth"": 4, ""learning_rate"": 0.03, ""gamma"": 0.5, ""colsample_bytree"": 0.6}",0.8809322088883991,0.8036493712140202,0.01759124384593872,0.007867043409658764,0.07728283767437882
xgboost,chronological,search 11,"{""subsample"": 0.8, ""reg_lambda"": 1, ""reg_alpha"": 1, ""n_estimators"": 200, ""min_child_weight"": 1, ""max_depth"": 3, ""learning_rate"": 0.05, ""gamma"": 2, ""colsample_bytree"": 0.6}",0.9167423521953963,0.8021136229819266,0.016769063160106002,0.007499353028996892,0.11462872921346978
xgboost,chronological,search 12,"{""subsample"": 0.6, ""reg_lambda"": 20, ""reg_alpha"": 0, ""n_estimators"": 400, ""min_child_weight"": 5, ""max_depth"": 3, ""learning_rate"": 0.1, ""gamma"": 0.5, ""colsample_bytree"": 0.7}",0.9382310214174957,0.8091014663663539,0.02215131791750854,0.009906370530951635,0.12912955505114176
xgboost,chronological,search 13,"{""subsample"": 0.8, ""reg_lambda"": 10, ""reg_alpha"": 1, ""n_estimators"": 100, ""min_child_weight"": 1, ""max_depth"": 4, ""learning_rate"": 0.05, ""gamma"": 0.5, ""colsample_bytree"": 0.7}",0.8866441938075393,0.7979575206053003,0.01774045481628842,0.007933772584196891,0.088686673202239
xgboost,chronological,search 14,"{""subsample"": 0.7, ""reg_lambda"": 1, ""reg_alpha"": 1, ""n_estimators"": 200, ""min_child_weight"": 1, ""max_depth"": 3, ""learning_rate"": 0.02, ""gamma"": 0, ""colsample_bytree"": 0.6}",0.8752590115566827,0.8002301347712658,0.016727218256656774,0.007480639419272014,0.07502887678541692
xgboost,chronological,search 15,"{""subsample"": 0.8, ""reg_lambda"": 20, ""reg_alpha"": 0, ""n_estimators"": 400, ""min_child_weight"": 40, ""max_depth"": 4, ""learning_rate"": 0.02, ""gamma"": 0.5, ""colsample_bytree"": 0.7}",0.811827598778,0.7657018440328688,0.03332274283113969,0.014902383633434426,0.04612575474513125
xgboost,chronological,search 16,"{""subsample"": 0.8, ""reg_lambda"": 5, ""reg_alpha"": 1, ""n_estimators"": 400, ""min_child_weight"": 1, ""max_depth"": 4, ""learning_rate"": 0.05, ""gamma"": 0.5, ""colsample_bytree"": 0.7}",0.9868324240738485,0.8105328937176747,0.013771518156858639,0.006158810150421705,0.17629953035617385
xgboost,chronological,search 17,"{""subsample"": 0.7, ""reg_lambda"": 10, ""reg_alpha"": 1, ""n_estimators"": 400, ""min_child_weight"": 5, ""max_depth"": 5, ""learning_rate"": 0.03, ""gamma"": 0, ""colsample_bytree"": 0.6}",0.9110440002899962,0.801244244315216,0.016720627099339993,0.00747769176410987,0.1097997559747802
xgboost,chronological,search 18,"{""subsample"": 0.8, ""reg_lambda"": 20, ""reg_alpha"": 5, ""n_estimators"": 300, ""min_child_weight"": 10, ""max_depth"": 5, ""learning_rate"": 0.1, ""gamma"": 0, ""colsample_bytree"": 0.8}",0.9062993315109037,0.799744590330364,0.018295486319732088,0.00818199021846768,0.10655474118053965
xgboost,chronological,search 19,"{""subsample"": 0.6, ""reg_lambda"": 20, ""reg_alpha"": 1, ""n_estimators"": 200, ""min_child_weight"": 10, ""max_depth"": 4, ""learning_rate"": 0.03, ""gamma"": 2, ""colsample_bytree"": 0.7}",0.8419869681924009,0.7902409526276793,0.01587751397057478,0.00710064011038156,0.05174601556472158
xgboost,chronological,search 20,"{""subsample"": 0.6, ""reg_lambda"": 1, ""reg_alpha"": 0, ""n_estimators"": 100, ""min_child_weight"": 10, ""max_depth"": 3, ""learning_rate"": 0.03, ""gamma"": 2, ""colsample_bytree"": 0.8}",0.8443073611121099,0.7977055165050357,0.01317663905067585,0.005892772126457899,0.04660184460707417
xgboost,chronological,search 21,"{""subsample"": 0.7, ""reg_lambda"": 20, ""reg_alpha"": 1, ""n_estimators"": 300, ""min_child_weight"": 5, ""max_depth"": 3, ""learning_rate"": 0.03, ""gamma"": 2, ""colsample_bytree"": 0.7}",0.8686163799195517,0.7973519686504408,0.015390474674831062,0.006882829515782245,0.07126441126911087
xgboost,chronological,search 22,"{""subsample"": 0.8, ""reg_lambda"": 5, ""reg_alpha"": 5, ""n_estimators"": 400, ""min_child_weight"": 1, ""max_depth"": 4, ""learning_rate"": 0.05, ""gamma"": 1, ""colsample_bytree"": 0.8}",0.9072503826760423,0.7970905036867528,0.013262774915423521,0.005931293256233204,0.11015987898928947
xgboost,chronological,search 23,"{""subsample"": 0.8, ""reg_lambda"": 20, ""reg_alpha"": 1, ""n_estimators"": 200, ""min_child_weight"": 5, ""max_depth"": 3, ""learning_rate"": 0.03, ""gamma"": 2, ""colsample_bytree"": 0.8}",0.8581559474940874,0.7914034363991738,0.01726677463333647,0.00772193636646187,0.06675251109491365
xgboost,chronological,search 24,"{""subsample"": 0.8, ""reg_lambda"": 20, ""reg_alpha"": 0, ""n_estimators"": 100, ""min_child_weight"": 40, ""max_depth"": 5, ""learning_rate"": 0.02, ""gamma"": 0, ""colsample_bytree"": 0.6}",0.7249769062769267,0.6623745162762497,0.15030857166599396,0.06722003676921226,0.06260239000067702
xgboost,chronological,search 25,"{""subsample"": 0.6, ""reg_lambda"": 5, ""reg_alpha"": 1, ""n_estimators"": 100, ""min_child_weight"": 1, ""max_depth"": 2, ""learning_rate"": 0.1, ""gamma"": 1, ""colsample_bytree"": 0.8}",0.8603552133179553,0.7975016193448152,0.014741793844725903,0.006592730629419019,0.06285359397314005
xgboost,chronological,search 26,"{""subsample"": 0.7, ""reg_lambda"": 1, ""reg_alpha"": 5, ""n_estimators"": 200, ""min_child_weight"": 5, ""max_depth"": 5, ""learning_rate"": 0.05, ""gamma"": 0.5, ""colsample_bytree"": 0.7}",0.900940996957664,0.7975515452662191,0.015056522006606897,0.006733481342298911,0.10338945169144498
xgboost,chronological,search 27,"{""subsample"": 0.6, ""reg_lambda"": 20, ""reg_alpha"": 1, ""n_estimators"": 300, ""min_child_weight"": 10, ""max_depth"": 2, ""learning_rate"": 0.03, ""gamma"": 2, ""colsample_bytree"": 0.8}",0.8453765783139174,0.789603148508464,0.020706622846691558,0.009260283253930506,0.05577342980545341
xgboost,chronological,search 28,"{""subsample"": 0.6, ""reg_lambda"": 10, ""reg_alpha"": 1, ""n_estimators"": 400, ""min_child_weight"": 10, ""max_depth"": 3, ""learning_rate"": 0.03, ""gamma"": 2, ""colsample_bytree"": 0.7}",0.8733401196813336,0.7975625307101073,0.014157167302987515,0.006331277691663489,0.07577758897122633
xgboost,chronological,search 29,"{""subsample"": 0.6, ""reg_lambda"": 10, ""reg_alpha"": 0, ""n_estimators"": 400, ""min_child_weight"": 20, ""max_depth"": 3, ""learning_rate"": 0.03, ""gamma"": 1, ""colsample_bytree"": 0.8}",0.8564262638395621,0.7876705026113655,0.01914729037466642,0.008562928572536306,0.0687557612281966
xgboost,chronological,search 30,"{""subsample"": 0.7, ""reg_lambda"": 10, ""reg_alpha"": 0, ""n_estimators"": 200, ""min_child_weight"": 20, ""max_depth"": 3, ""learning_rate"": 0.1, ""gamma"": 0.5, ""colsample_bytree"": 0.7}",0.8761141629019582,0.7902430844374511,0.012565728974791883,0.005619564834894678,0.08587107846450714
xgboost,chronological,search 31,"{""subsample"": 0.6, ""reg_lambda"": 10, ""reg_alpha"": 0, ""n_estimators"": 100, ""min_child_weight"": 1, ""max_depth"": 5, ""learning_rate"": 0.1, ""gamma"": 0, ""colsample_bytree"": 0.7}",0.9310262866817031,0.8086110722100817,0.014797139722778506,0.006617482058539026,0.1224152144716214
xgboost,chronological,search 32,"{""subsample"": 0.8, ""reg_lambda"": 20, ""reg_alpha"": 1, ""n_estimators"": 400, ""min_child_weight"": 20, ""max_depth"": 2, ""learning_rate"": 0.1, ""gamma"": 0.5, ""colsample_bytree"": 0.7}",0.8887788606800641,0.7954323480419949,0.0136420528437634,0.006100911502259856,0.09334651263806915
xgboost,chronological,search 33,"{""subsample"": 0.6, ""reg_lambda"": 5, ""reg_alpha"": 1, ""n_estimators"": 100, ""min_child_weight"": 40, ""max_depth"": 5, ""learning_rate"": 0.05, ""gamma"": 1, ""colsample_bytree"": 0.6}",0.7814788872372219,0.6247615608527252,0.31138321634146854,0.1392548077584094,0.15671732638449676
xgboost,chronological,search 34,"{""subsample"": 0.8, ""reg_lambda"": 10, ""reg_alpha"": 0, ""n_estimators"": 100, ""min_child_weight"": 10, ""max_depth"": 3, ""learning_rate"": 0.02, ""gamma"": 1, ""colsample_bytree"": 0.8}",0.8230224966294697,0.7814893666787969,0.022628866777733403,0.010119936873759703,0.04153312995067282
xgboost,chronological,search 35,"{""subsample"": 0.6, ""reg_lambda"": 10, ""reg_alpha"": 1, ""n_estimators"": 100, ""min_child_weight"": 40, ""max_depth"": 5, ""learning_rate"": 0.1, ""gamma"": 0, ""colsample_bytree"": 0.6}",0.8008763971356907,0.6215457904809154,0.3098817478141786,0.13858333061979003,0.1793306066547753
xgboost,chronological,search 36,"{""subsample"": 0.8, ""reg_lambda"": 10, ""reg_alpha"": 0, ""n_estimators"": 400, ""min_child_weight"": 40, ""max_depth"": 5, ""learning_rate"": 0.1, ""gamma"": 0.5, ""colsample_bytree"": 0.7}",0.8481267844835839,0.7750764912148083,0.022683071935080092,0.010144178157071356,0.07305029326877566
xgboost,chronological,search 37,"{""subsample"": 0.8, ""reg_lambda"": 1, ""reg_alpha"": 0, ""n_estimators"": 100, ""min_child_weight"": 10, ""max_depth"": 3, ""learning_rate"": 0.03, ""gamma"": 0, ""colsample_bytree"": 0.6}",0.8481301623097589,0.794313194805649,0.016109544911687357,0.007204407501823755,0.053816967504109914
xgboost,chronological,search 38,"{""subsample"": 0.8, ""reg_lambda"": 1, ""reg_alpha"": 5, ""n_estimators"": 400, ""min_child_weight"": 20, ""max_depth"": 3, ""learning_rate"": 0.05, ""gamma"": 2, ""colsample_bytree"": 0.6}",0.8613014244290557,0.7942192420329233,0.011381366463345739,0.005089901817775488,0.0670821823961324
xgboost,chronological,search 39,"{""subsample"": 0.7, ""reg_lambda"": 1, ""reg_alpha"": 1, ""n_estimators"": 200, ""min_child_weight"": 5, ""max_depth"": 3, ""learning_rate"": 0.05, ""gamma"": 2, ""colsample_bytree"": 0.7}",0.9054390505888454,0.8028484035886706,0.01733910183937697,0.007754282076327708,0.10259064700017484
random_forest,stratified,phase3 anchor,"{""n_estimators"": 200, ""min_samples_leaf"": 3, ""max_features"": ""sqrt"", ""max_depth"": 10}",0.9313095222356008,0.8362235301838561,0.03368970694138243,0.015066494972595526,0.09508599205174473
random_forest,stratified,search 00,"{""n_estimators"": 200, ""min_samples_leaf"": 20, ""max_samples"": null, ""max_features"": 0.3, ""max_depth"": 4}",0.8356550821429005,0.8092161431027389,0.04026694467467916,0.018007925107761148,0.02643893904016159
random_forest,stratified,search 01,"{""n_estimators"": 200, ""min_samples_leaf"": 20, ""max_samples"": 0.7, ""max_features"": ""sqrt"", ""max_depth"": 8}",0.8483289822814011,0.8042672048006138,0.03892000465884419,0.017405555220356823,0.04406177748078732
random_forest,stratified,search 02,"{""n_estimators"": 100, ""min_samples_leaf"": 5, ""max_samples"": null, ""max_features"": 0.3, ""max_depth"": 10}",0.927635760792787,0.8361071062358716,0.039064061493677464,0.017469979395418955,0.09152865455691539
random_forest,stratified,search 03,"{""n_estimators"": 100, ""min_samples_leaf"": 10, ""max_samples"": null, ""max_features"": 0.3, ""max_depth"": 4}",0.8386619177451734,0.8142503243869245,0.03777833708723478,0.016894985960791673,0.02441159335824894
random_forest,stratified,search 04,"{""n_estimators"": 200, ""min_samples_leaf"": 20, ""max_samples"": 0.7, ""max_features"": 0.3, ""max_depth"": 8}",0.8622643453953467,0.8133485728782652,0.04221794889069776,0.018880440718042405,0.04891577251708146
random_forest,stratified,search 05,"{""n_estimators"": 200, ""min_samples_leaf"": 5, ""max_samples"": 0.7, ""max_features"": ""sqrt"", ""max_depth"": 4}",0.8321015303356766,0.8042951975068263,0.036085371243005544,0.016137868618535296,0.027806332828850255
random_forest,stratified,search 06,"{""n_estimators"": 100, ""min_samples_leaf"": 40, ""max_samples"": null, ""max_features"": 0.3, ""max_depth"": 4}",0.8199363967560072,0.7894723950507767,0.03795808728320834,0.016975372692224832,0.030464001705230448
random_forest,stratified,search 07,"{""n_estimators"": 100, ""min_samples_leaf"": 20, ""max_samples"": 0.5, ""max_features"": 0.3, ""max_depth"": 8}",0.8533520588493124,0.804089818440444,0.04135237204786191,0.018493342985976283,0.049262240408868396
random_forest,stratified,search 08,"{""n_estimators"": 200, ""min_samples_leaf"": 20, ""max_samples"": 0.5, ""max_features"": ""sqrt"", ""max_depth"": 6}",0.8282836161035543,0.7924727326597033,0.03803800486315657,0.017011112920497132,0.03581088344385097
random_forest,stratified,search 09,"{""n_estimators"": 200, ""min_samples_leaf"": 10, ""max_samples"": 0.5, ""max_features"": 0.5, ""max_depth"": 8}",0.8891777205815947,0.8229282476053082,0.03994109252921352,0.017862199598186086,0.06624947297628647
random_forest,stratified,search 10,"{""n_estimators"": 100, ""min_samples_leaf"": 40, ""max_samples"": 0.5, ""max_features"": ""sqrt"", ""max_depth"": 10}",0.8027343481605375,0.7485554074605915,0.03971103033839431,0.017759312658641228,0.054178940699946
random_forest,stratified,search 11,"{""n_estimators"": 200, ""min_samples_leaf"": 5, ""max_samples"": 0.7, ""max_features"": 0.3, ""max_depth"": 4}",0.8418099255360441,0.8155386224900372,0.041573410159876825,0.018592194234792997,0.02627130304600689
random_forest,stratified,search 12,"{""n_estimators"": 100, ""min_samples_leaf"": 20, ""max_samples"": null, ""max_features"": 0.3, ""max_depth"": 6}",0.8554525674479524,0.8160496373240154,0.04066552793260252,0.018186176959643145,0.03940293012393703
random_forest,stratified,search 13,"{""n_estimators"": 200, ""min_samples_leaf"": 40, ""max_samples"": 0.7, ""max_features"": 0.5, ""max_depth"": 10}",0.8402947804558648,0.7897074556242835,0.041596906522561865,0.018602702127630544,0.05058732483158135
random_forest,stratified,search 14,"{""n_estimators"": 100, ""min_samples_leaf"": 5, ""max_samples"": 0.7, ""max_features"": 0.5, ""max_depth"": 4}",0.8480600557666678,0.819116625355927,0.04064041249621318,0.018174944995032916,0.028943430410740767
random_forest,stratified,search 15,"{""n_estimators"": 100, ""min_samples_leaf"": 5, ""max_samples"": 0.5, ""max_features"": ""sqrt"", ""max_depth"": 10}",0.9040900549513484,0.8273343460116223,0.03769285429693729,0.016856756894789365,0.07675570893972616
random_forest,stratified,search 16,"{""n_estimators"": 200, ""min_samples_leaf"": 20, ""max_samples"": 0.5, ""max_features"": ""sqrt"", ""max_depth"": 4}",0.809671012087748,0.7840529162790036,0.03980422800310809,0.017800991921370076,0.025618095808744412
random_forest,stratified,search 17,"{""n_estimators"": 100, ""min_samples_leaf"": 5, ""max_samples"": 0.7, ""max_features"": ""sqrt"", ""max_depth"": 10}",0.9075251257377221,0.8303202422556811,0.03973383549372345,0.01776951143415191,0.07720488348204102
random_forest,stratified,search 18,"{""n_estimators"": 200, ""min_samples_leaf"": 20, ""max_samples"": null, ""max_features"": ""sqrt"", ""max_depth"": 10}",0.8713460100829605,0.8137907639653189,0.038178297811948564,0.017073853834549693,0.05755524611764162
random_forest,stratified,search 19,"{""n_estimators"": 200, ""min_samples_leaf"": 10, ""max_samples"": 0.5, ""max_features"": ""sqrt"", ""max_depth"": 6}",0.8486730466127118,0.8118765944713926,0.04073997026122233,0.018219468581082598,0.036796452141319214
random_forest,chronological,phase3 anchor,"{""n_estimators"": 100, ""min_samples_leaf"": 5, ""max_features"": ""sqrt"", ""max_depth"": 10}",0.9186076452395305,0.7920433883009994,0.025029963972534222,0.01119374018339144,0.12656425693853113
random_forest,chronological,search 00,"{""n_estimators"": 200, ""min_samples_leaf"": 20, ""max_samples"": null, ""max_features"": 0.3, ""max_depth"": 4}",0.8346033535181944,0.7822643744541155,0.03364392329719956,0.015046019904465417,0.05233897906407892
random_forest,chronological,search 01,"{""n_estimators"": 200, ""min_samples_leaf"": 20, ""max_samples"": 0.7, ""max_features"": ""sqrt"", ""max_depth"": 8}",0.8488284727870065,0.7867421522681849,0.03389664936240342,0.01515904243676179,0.06208632051882157
random_forest,chronological,search 02,"{""n_estimators"": 100, ""min_samples_leaf"": 5, ""max_samples"": null, ""max_features"": 0.3, ""max_depth"": 10}",0.9259054658971066,0.7975158112198704,0.021776105120824403,0.009738570267068926,0.1283896546772363
random_forest,chronological,search 03,"{""n_estimators"": 100, ""min_samples_leaf"": 10, ""max_samples"": null, ""max_features"": 0.3, ""max_depth"": 4}",0.8384109491218223,0.7858881451801478,0.0321698525895532,0.014386795443277717,0.05252280394167452
random_forest,chronological,search 04,"{""n_estimators"": 200, ""min_samples_leaf"": 20, ""max_samples"": 0.7, ""max_features"": 0.3, ""max_depth"": 8}",0.8624134128186927,0.78885454189951,0.030172214756458222,0.013493424645432569,0.07355887091918267
random_forest,chronological,search 05,"{""n_estimators"": 200, ""min_samples_leaf"": 5, ""max_samples"": 0.7, ""max_features"": ""sqrt"", ""max_depth"": 4}",0.8302576578138047,0.7826932785391909,0.035741205608910045,0.015983953067863925,0.047564379274613766
random_forest,chronological,search 06,"{""n_estimators"": 100, ""min_samples_leaf"": 40, ""max_samples"": null, ""max_features"": 0.3, ""max_depth"": 4}",0.8203800238952611,0.773895607778645,0.04558975884681441,0.02038835997185989,0.046484416116616134
random_forest,chronological,search 07,"{""n_estimators"": 100, ""min_samples_leaf"": 20, ""max_samples"": 0.5, ""max_features"": 0.3, ""max_depth"": 8}",0.8514861969739707,0.7806657873262153,0.038198946604118024,0.017083088255138528,0.07082040964775538
random_forest,chronological,search 08,"{""n_estimators"": 200, ""min_samples_leaf"": 20, ""max_samples"": 0.5, ""max_features"": ""sqrt"", ""max_depth"": 6}",0.827038119436938,0.7797969750278806,0.034106186067104034,0.015252750099860164,0.047241144409057356
random_forest,chronological,search 09,"{""n_estimators"": 200, ""min_samples_leaf"": 10, ""max_samples"": 0.5, ""max_features"": 0.5, ""max_depth"": 8}",0.8839508232859479,0.7900384260751446,0.03356910035790627,0.015012558068758187,0.09391239721080324
random_forest,chronological,search 10,"{""n_estimators"": 100, ""min_samples_leaf"": 40, ""max_samples"": 0.5, ""max_features"": ""sqrt"", ""max_depth"": 10}",0.807682940546416,0.7807675906119641,0.04326818702047476,0.019350121488191128,0.026915349934451882
random_forest,chronological,search 11,"{""n_estimators"": 200, ""min_samples_leaf"": 5, ""max_samples"": 0.7, ""max_features"": 0.3, ""max_depth"": 4}",0.8405809385396302,0.787570874056151,0.03291493205540589,0.014720005110134889,0.053010064483479225
random_forest,chronological,search 12,"{""n_estimators"": 100, ""min_samples_leaf"": 20, ""max_samples"": null, ""max_features"": 0.3, ""max_depth"": 6}",0.8509790970420035,0.789110963623298,0.030969315696045916,0.013849899022601976,0.06186813341870545
random_forest,chronological,search 13,"{""n_estimators"": 200, ""min_samples_leaf"": 40, ""max_samples"": 0.7, ""max_features"": 0.5, ""max_depth"": 10}",0.8478948108713728,0.7679208573691774,0.04858946019766344,0.021729867198399165,0.07997395350219538
random_forest,chronological,search 14,"{""n_estimators"": 100, ""min_samples_leaf"": 5, ""max_samples"": 0.7, ""max_features"": 0.5, ""max_depth"": 4}",0.8459709436783954,0.7850232518678634,0.03663473515207025,0.016383551627546032,0.060947691810532056
random_forest,chronological,search 15,"{""n_estimators"": 100, ""min_samples_leaf"": 5, ""max_samples"": 0.5, ""max_features"": ""sqrt"", ""max_depth"": 10}",0.9064573367595484,0.7903462337955305,0.031864373971725805,0.014250181252250771,0.11611110296401794
random_forest,chronological,search 16,"{""n_estimators"": 200, ""min_samples_leaf"": 20, ""max_samples"": 0.5, ""max_features"": ""sqrt"", ""max_depth"": 4}",0.8128886812721203,0.7747904838520123,0.038013391938122434,0.017000105685796848,0.038098197420108004
random_forest,chronological,search 17,"{""n_estimators"": 100, ""min_samples_leaf"": 5, ""max_samples"": 0.7, ""max_features"": ""sqrt"", ""max_depth"": 10}",0.9127152986200303,0.7954032477495712,0.030641817628136774,0.01370343743413304,0.11731205087045915
random_forest,chronological,search 18,"{""n_estimators"": 200, ""min_samples_leaf"": 20, ""max_samples"": null, ""max_features"": ""sqrt"", ""max_depth"": 10}",0.871310020484716,0.789571357741728,0.03513767602204629,0.01571404643133198,0.08173866274298791
random_forest,chronological,search 19,"{""n_estimators"": 200, ""min_samples_leaf"": 10, ""max_samples"": 0.5, ""max_features"": ""sqrt"", ""max_depth"": 6}",0.8461007337269947,0.7857824879814135,0.03459547846253579,0.015471568311271989,0.0603182457455812
