mode,seed,test_block,n_train,n_test,train_blocks,test_frauds,train_fraud_rate_pct,test_fraud_rate_pct,pr_auc,roc_auc,mcc,precision,recall,fit_seconds
static,42,2,78275,65959,2,81,0.24401149792398596,0.12280355978714048,0.7889128164149721,0.9515713483097638,0.7860577188174684,0.9629629629629629,0.6419753086419753,0.4
static,42,3,78275,17672,2,66,0.24401149792398596,0.37347215934812134,0.8041628620357406,0.9927228665158916,0.829312531552213,0.9090909090909091,0.7575757575757576,0.4
static,42,4,78275,62116,2,59,0.24401149792398596,0.09498357911005216,0.7480491125669401,0.9690118133602158,0.7741159989131736,0.9069767441860465,0.6610169491525424,0.4
static,42,5,78275,59704,2,76,0.24401149792398596,0.12729465362454778,0.7811938154948463,0.9840758315591757,0.7792312077431998,0.9423076923076923,0.6447368421052632,0.4
static,43,2,78275,65959,2,81,0.24401149792398596,0.12280355978714048,0.7914082809309845,0.9558414937600704,0.7938641318477402,0.9636363636363636,0.654320987654321,0.4
static,43,3,78275,17672,2,66,0.24401149792398596,0.37347215934812134,0.8115174972417032,0.9924448965400914,0.8201874487220726,0.9074074074074074,0.7424242424242424,0.4
static,43,4,78275,62116,2,59,0.24401149792398596,0.09498357911005216,0.7498947542870923,0.96802392988622,0.7676224114261638,0.8695652173913043,0.6779661016949152,0.4
static,43,5,78275,59704,2,76,0.24401149792398596,0.12729465362454778,0.7815345338530619,0.9835549485759075,0.7661784688017609,0.8928571428571429,0.6578947368421053,0.4
static,44,2,78275,65959,2,81,0.24401149792398596,0.12280355978714048,0.7902444431856818,0.9548857427815501,0.8015951295464081,0.9642857142857143,0.6666666666666666,0.4
static,44,3,78275,17672,2,66,0.24401149792398596,0.37347215934812134,0.8143910026704023,0.9921738112695742,0.8383420509296315,0.9107142857142857,0.7727272727272727,0.4
static,44,4,78275,62116,2,59,0.24401149792398596,0.09498357911005216,0.7450283969237691,0.9709406032671439,0.7631853105315585,0.9047619047619048,0.6440677966101694,0.4
static,44,5,78275,59704,2,76,0.24401149792398596,0.12729465362454778,0.7825481061688033,0.9815176462488481,0.7876047322574978,0.9433962264150944,0.6578947368421053,0.4
static,45,2,78275,65959,2,81,0.24401149792398596,0.12280355978714048,0.7940476788598769,0.9547067737257684,0.8015951295464081,0.9642857142857143,0.6666666666666666,0.4
static,45,3,78275,17672,2,66,0.24401149792398596,0.37347215934812134,0.8164056375668935,0.9924595265388176,0.8109637359408731,0.9056603773584906,0.7272727272727273,0.4
static,45,4,78275,62116,2,59,0.24401149792398596,0.09498357911005216,0.7419517119799158,0.9701922480781064,0.7868339566971138,0.8913043478260869,0.6949152542372882,0.4
static,45,5,78275,59704,2,76,0.24401149792398596,0.12729465362454778,0.7833870325104396,0.9812385032817503,0.7958914424846473,0.9444444444444444,0.6710526315789473,0.4
static,46,2,78275,65959,2,81,0.24401149792398596,0.12280355978714048,0.7904849562479995,0.9558913427326757,0.8015951295464081,0.9642857142857143,0.6666666666666666,0.4
static,46,3,78275,17672,2,66,0.24401149792398596,0.37347215934812134,0.8067687080375362,0.9928424882701833,0.829312531552213,0.9090909090909091,0.7575757575757576,0.4
static,46,4,78275,62116,2,59,0.24401149792398596,0.09498357911005216,0.7534152224808862,0.9725088716961416,0.7868339566971138,0.8913043478260869,0.6949152542372882,0.4
static,46,5,78275,59704,2,76,0.24401149792398596,0.12729465362454778,0.782522746315981,0.9831821327317085,0.7661784688017609,0.8928571428571429,0.6578947368421053,0.4
expanding,42,2,78275,65959,2,81,0.24401149792398596,0.12280355978714048,0.7889128164149721,0.9515713483097638,0.7860577188174684,0.9629629629629629,0.6419753086419753,0.4
expanding,42,3,144234,17672,3,66,0.18858244241995645,0.37347215934812134,0.7943234365730572,0.9941824240358831,0.8383420509296315,0.9107142857142857,0.7727272727272727,0.7
expanding,42,4,161906,62116,4,59,0.2087631094585747,0.09498357911005216,0.7755447762392413,0.9763350424418448,0.8164190388662278,0.9148936170212766,0.7288135593220338,0.7
expanding,42,5,224022,59704,5,76,0.17721473783824804,0.12729465362454778,0.8030801906314627,0.9878642319221277,0.8122148109484169,0.9464285714285714,0.6973684210526315,0.9
expanding,43,2,78275,65959,2,81,0.24401149792398596,0.12280355978714048,0.7914082809309845,0.9558414937600704,0.7938641318477402,0.9636363636363636,0.654320987654321,0.4
expanding,43,3,144234,17672,3,66,0.18858244241995645,0.37347215934812134,0.8012949350209219,0.993512025858953,0.8218362834803811,0.8928571428571429,0.7575757575757576,0.7
expanding,43,4,161906,62116,4,59,0.2087631094585747,0.09498357911005216,0.7770348742469566,0.9793210888950372,0.8266659062339881,0.9166666666666666,0.7457627118644068,0.7
expanding,43,5,224022,59704,5,76,0.17721473783824804,0.12729465362454778,0.8070144755939714,0.9872278300904203,0.8040939684298061,0.9454545454545454,0.6842105263157895,1.0
expanding,44,2,78275,65959,2,81,0.24401149792398596,0.12280355978714048,0.7902444431856818,0.9548857427815501,0.8015951295464081,0.9642857142857143,0.6666666666666666,0.4
expanding,44,3,144234,17672,3,66,0.18858244241995645,0.37347215934812134,0.8153141027894429,0.9937581540728195,0.8309181165814049,0.8947368421052632,0.7727272727272727,0.7
expanding,44,4,161906,62116,4,59,0.2087631094585747,0.09498357911005216,0.7761720116816634,0.9786978237339483,0.8266659062339881,0.9166666666666666,0.7457627118644068,0.7
expanding,44,5,224022,59704,5,76,0.17721473783824804,0.12729465362454778,0.801332831421874,0.988656865548859,0.8122148109484169,0.9464285714285714,0.6973684210526315,0.9
expanding,45,2,78275,65959,2,81,0.24401149792398596,0.12280355978714048,0.7940476788598769,0.9547067737257684,0.8015951295464081,0.9642857142857143,0.6666666666666666,0.4
expanding,45,3,144234,17672,3,66,0.18858244241995645,0.37347215934812134,0.8063574455363308,0.9935653823248961,0.8383420509296315,0.9107142857142857,0.7727272727272727,0.7
expanding,45,4,161906,62116,4,59,0.2087631094585747,0.09498357911005216,0.7787640107284546,0.9794713061775082,0.8181759677401363,0.8979591836734694,0.7457627118644068,0.7
expanding,45,5,224022,59704,5,76,0.17721473783824804,0.12729465362454778,0.8019860208368957,0.9879646351237321,0.819578161673814,0.9636363636363636,0.6973684210526315,0.9
expanding,46,2,78275,65959,2,81,0.24401149792398596,0.12280355978714048,0.7904849562479995,0.9558913427326757,0.8015951295464081,0.9642857142857143,0.6666666666666666,0.4
expanding,46,3,144234,17672,3,66,0.18858244241995645,0.37347215934812134,0.8059877255095503,0.9926763947552315,0.8218362834803811,0.8928571428571429,0.7575757575757576,0.7
expanding,46,4,161906,62116,4,59,0.2087631094585747,0.09498357911005216,0.7787528083061518,0.9786740620910847,0.8060455019680637,0.9130434782608695,0.711864406779661,0.8
expanding,46,5,224022,59704,5,76,0.17721473783824804,0.12729465362454778,0.8053670255177011,0.9877298460984419,0.8040939684298061,0.9454545454545454,0.6842105263157895,1.0
sliding,42,2,78275,65959,2,81,0.24401149792398596,0.12280355978714048,0.7889128164149721,0.9515713483097638,0.7860577188174684,0.9629629629629629,0.6419753086419753,0.4
sliding,42,3,126752,17672,2,66,0.15068795758646805,0.37347215934812134,0.7721502010633287,0.9846118231043824,0.8399063009950565,0.896551724137931,0.7878787878787878,0.6
sliding,42,4,83631,62116,2,59,0.1757721419091007,0.09498357911005216,0.76122070958694,0.9714974997016139,0.7741159989131736,0.9069767441860465,0.6610169491525424,0.4
sliding,42,5,79788,59704,2,76,0.15666516268110492,0.12729465362454778,0.7999364463818394,0.9878647835880706,0.7946910489283068,0.98,0.6447368421052632,0.4
sliding,43,2,78275,65959,2,81,0.24401149792398596,0.12280355978714048,0.7914082809309845,0.9558414937600704,0.7938641318477402,0.9636363636363636,0.654320987654321,0.4
sliding,43,3,126752,17672,2,66,0.15068795758646805,0.37347215934812134,0.7711059699631081,0.9809999345952999,0.8327216104867893,0.8813559322033898,0.7878787878787878,0.6
sliding,43,4,83631,62116,2,59,0.1757721419091007,0.09498357911005216,0.760098438091984,0.973076693023882,0.8164190388662278,0.9148936170212766,0.7288135593220338,0.4
sliding,43,5,79788,59704,2,76,0.15666516268110492,0.12729465362454778,0.8022994628934929,0.9878142509877027,0.7863693274794668,0.9795918367346939,0.631578947368421,0.4
sliding,44,2,78275,65959,2,81,0.24401149792398596,0.12280355978714048,0.7902444431856818,0.9548857427815501,0.8015951295464081,0.9642857142857143,0.6666666666666666,0.4
sliding,44,3,126752,17672,2,66,0.15068795758646805,0.37347215934812134,0.798909199054937,0.977477547254896,0.8399063009950565,0.896551724137931,0.7878787878787878,0.6
sliding,44,4,83631,62116,2,59,0.1757721419091007,0.09498357911005216,0.759984377168974,0.9729016216092204,0.795540559568757,0.9111111111111111,0.6949152542372882,0.4
sliding,44,5,79788,59704,2,76,0.15666516268110492,0.12729465362454778,0.7973630330939112,0.9875683183103664,0.8029269328369493,0.9803921568627451,0.6578947368421053,0.4
sliding,45,2,78275,65959,2,81,0.24401149792398596,0.12280355978714048,0.7940476788598769,0.9547067737257684,0.8015951295464081,0.9642857142857143,0.6666666666666666,0.4
sliding,45,3,126752,17672,2,66,0.15068795758646805,0.37347215934812134,0.7888013280088741,0.9830309226537786,0.8472789203119779,0.9122807017543859,0.7878787878787878,0.6
sliding,45,4,83631,62116,2,59,0.1757721419091007,0.09498357911005216,0.7644685701404383,0.9725872578053583,0.8164190388662278,0.9148936170212766,0.7288135593220338,0.4
sliding,45,5,79788,59704,2,76,0.15666516268110492,0.12729465362454778,0.8013827210572091,0.9876520612004958,0.7946910489283068,0.98,0.6447368421052632,0.4
sliding,46,2,78275,65959,2,81,0.24401149792398596,0.12280355978714048,0.7904849562479995,0.9558913427326757,0.8015951295464081,0.9642857142857143,0.6666666666666666,0.4
sliding,46,3,126752,17672,2,66,0.15068795758646805,0.37347215934812134,0.7854598863708812,0.9860335147453175,0.8472789203119779,0.9122807017543859,0.7878787878787878,0.6
sliding,46,4,83631,62116,2,59,0.1757721419091007,0.09498357911005216,0.762802239472828,0.9752364078623179,0.7741159989131736,0.9069767441860465,0.6610169491525424,0.5
sliding,46,5,79788,59704,2,76,0.15666516268110492,0.12729465362454778,0.8056090507908269,0.9875779172977726,0.8029269328369493,0.9803921568627451,0.6578947368421053,0.4
