block,feature,ks_stat,p_value
1,V1,0.034210929653266775,1.2099015892345469e-09
1,V2,0.12760705712953394,5.17567477927204e-129
1,V3,0.11555333879631857,8.424990277738398e-106
1,V4,0.046551846953198806,1.7126231114709243e-17
1,V5,0.08926896917251129,3.0331797573945024e-63
1,V6,0.017728830946782292,0.006659306223542662
1,V7,0.02636133002693576,6.7063740019962275e-06
1,V8,0.07555704592818735,2.0771149273969827e-45
1,V9,0.44795085966760856,0.0
1,V10,0.23041516538991563,0.0
1,V11,0.21657412819409788,0.0
1,V12,0.5694323043773286,0.0
1,V13,0.40549889474523354,0.0
1,V14,0.4976843406696445,0.0
1,V15,0.1781108322854229,8.524133768007774e-252
1,V16,0.027373106048397933,2.5027557764476494e-06
1,V17,0.2381750608191639,0.0
1,V18,0.09737212311668314,3.444017548314598e-75
1,V19,0.03428750743742037,1.1001372326532763e-09
1,V20,0.04653831679509368,1.7521947933651674e-17
1,V21,0.15558490537816316,6.523383350319732e-192
1,V22,0.06592435737417857,1.1590927723320981e-34
1,V23,0.03029245361628713,1.1828125228154494e-07
1,V24,0.026911909342344664,3.940433945032762e-06
1,V25,0.05264812681650988,2.9501482064195893e-22
1,V26,0.06896059151785561,6.844466373430394e-38
1,V27,0.057340138705528454,2.5336972689998487e-26
1,V28,0.09705614556940301,1.053015546115919e-74
1,Amount,0.15564279821115162,4.6900380797781875e-192
2,V1,0.02791809425731892,5.334965411182126e-07
2,V2,0.12959733321891873,1.8642013532969302e-142
2,V3,0.1293507248655797,6.4934919100417625e-142
2,V4,0.06102577084432237,7.774444565589042e-32
2,V5,0.09974672645191915,1.9353339408412245e-84
2,V6,0.02358433091684392,4.0629816113384195e-05
2,V7,0.024471308194402575,1.7762017283400148e-05
2,V8,0.0962126446529008,1.398858683592569e-78
2,V9,0.48219459568514766,0.0
2,V10,0.22345323462919875,0.0
2,V11,0.24938507248795871,0.0
2,V12,0.6212910098054739,0.0
2,V13,0.4153762652838977,0.0
2,V14,0.5270729350972451,0.0
2,V15,0.19719055335467206,0.0
2,V16,0.02709626485470301,1.2832170266869863e-06
2,V17,0.2657750990789795,0.0
2,V18,0.08263737150913703,4.7059632906869724e-58
2,V19,0.031180877451578604,1.2631772257033599e-08
2,V20,0.042646085744359755,9.216123778431028e-16
2,V21,0.15544203117679245,4.3853966826651615e-205
2,V22,0.05128522064977836,1.319856997189642e-22
2,V23,0.020552926247765918,0.0005456104867585279
2,V24,0.025890702614692174,4.434451654212584e-06
2,V25,0.03783997360844815,1.683982821448346e-12
2,V26,0.07059563595279933,1.8125705800573704e-42
2,V27,0.05320572859497902,2.6774409396590684e-24
2,V28,0.10266477763568405,1.942367153931199e-89
2,Amount,0.14328708921556987,3.44616076677871e-174
3,V1,0.015790883259341415,0.014599265314431144
3,V2,0.07420609453599288,1.3793929081068816e-47
3,V3,0.119253227979979,1.9228712509132784e-122
3,V4,0.07989424365684727,4.2024011193821225e-55
3,V5,0.0878008356869596,1.7734296866578863e-66
3,V6,0.048619459746463645,1.1612188735076001e-20
3,V7,0.030520655697896137,2.1180878654656757e-08
3,V8,0.10763198012081154,9.166469951944729e-100
3,V9,0.48226215735490285,0.0
3,V10,0.2015542905699892,0.0
3,V11,0.2647106641417261,0.0
3,V12,0.6327418733267278,0.0
3,V13,0.407204105912743,0.0
3,V14,0.525347719114442,0.0
3,V15,0.2292373664236108,0.0
3,V16,0.028264390331283473,2.891256335994369e-07
3,V17,0.2769055387890153,0.0
3,V18,0.0707551638401614,2.6790027013606254e-43
3,V19,0.04459353213094952,1.8958875261360123e-17
3,V20,0.031740418976772,4.742161037451155e-09
3,V21,0.12616951882359462,4.680508197916055e-137
3,V22,0.03439600536729448,1.4886599520352628e-10
3,V23,0.027714738407517925,5.301744936411584e-07
3,V24,0.022579608841026944,8.605498576343941e-05
3,V25,0.03829547617843998,5.579717716364439e-13
3,V26,0.07022801913093091,1.1613778843553174e-42
3,V27,0.06924833605770364,1.722324936019958e-41
3,V28,0.10838700550129599,3.6320094956678103e-101
3,Amount,0.059817793663885316,4.626735648766356e-31
4,V1,0.3970871993072984,0.0
4,V2,0.06323847745198685,4.7941618237727624e-21
4,V3,0.5066222873554216,0.0
4,V4,0.13650035490832757,9.084773764082848e-97
4,V5,0.2816620959093874,0.0
4,V6,0.10868651403898211,2.031405374815086e-61
4,V7,0.16170239136931663,7.533984389089246e-136
4,V8,0.17480848608430016,7.587327316081717e-159
4,V9,0.10201281228698744,3.8310857735785485e-54
4,V10,0.06708639646184167,1.2403790291459196e-23
4,V11,0.1741772471549391,1.0711958841512534e-157
4,V12,0.018854884933414195,0.029215171083053715
4,V13,0.038997003727275104,2.8813987884102866e-08
4,V14,0.04135441372663902,3.042674242878216e-09
4,V15,0.2627421455752893,0.0
4,V16,0.027402525696761826,0.00026762468502397905
4,V17,0.13716273619090713,1.0404764615535115e-97
4,V18,0.1164236499909001,1.9489161067626774e-70
4,V19,0.06242010704506529,1.626229763833259e-20
4,V20,0.1708863061810204,9.015649679592009e-152
4,V21,0.14195584944530515,1.1729103647238588e-104
4,V22,0.21772226478486056,4.107566512286759e-247
4,V23,0.18592372461804862,8.556124890202886e-180
4,V24,0.0983036364077422,2.6663390182660815e-50
4,V25,0.2889210875740396,0.0
4,V26,0.14243279895857253,2.3152845045443413e-105
4,V27,0.098234709326812,3.133021821773789e-50
4,V28,0.3367157314121595,0.0
4,Amount,0.051550935061067615,3.9781682814435715e-14
5,V1,0.4463611966282216,0.0
5,V2,0.1542006009382062,9.524933011138696e-190
5,V3,0.5705814288612352,0.0
5,V4,0.17506060341312468,8.264647278248446e-245
5,V5,0.22766585205462786,0.0
5,V6,0.11944298524723695,8.794579746153402e-114
5,V7,0.1390854157004438,2.6673654320791524e-154
5,V8,0.12149154597530548,1.0235226142154224e-117
5,V9,0.3552927316367349,0.0
5,V10,0.19996580141798392,5.765e-320
5,V11,0.3511547077887665,0.0
5,V12,0.5526993159059521,0.0
5,V13,0.3818764560837938,0.0
5,V14,0.4454730333473012,0.0
5,V15,0.08648336109255905,9.046120948274673e-60
5,V16,0.036067487505088036,9.717223185237187e-11
5,V17,0.2822352506202712,0.0
5,V18,0.061544994101047634,1.8480688667009836e-30
5,V19,0.0661364105635523,4.122689829717353e-35
5,V20,0.1544284686961997,2.6058535290308047e-190
5,V21,0.3029166205875074,0.0
5,V22,0.28242229377808303,0.0
5,V23,0.17996587943843245,8.484323662692921e-259
5,V24,0.09343087155442042,1.050929185407459e-69
5,V25,0.2727121936271685,0.0
5,V26,0.12404330198966684,1.0346891612062094e-122
5,V27,0.04364900677623618,1.5725109969023866e-15
5,V28,0.3293864443314203,0.0
5,Amount,0.12267217611535286,5.1521668631215994e-120
6,V1,0.4287593312282255,0.0
6,V2,0.14932970837888854,2.2782718881795432e-191
6,V3,0.5927016159515396,0.0
6,V4,0.18224230777903694,1.651840625398557e-285
6,V5,0.21669155349705443,0.0
6,V6,0.14210711428969125,2.896685999080618e-173
6,V7,0.1487936167789064,5.405298898631225e-190
6,V8,0.10561681869285205,1.0356181586848343e-95
6,V9,0.4000017965498452,0.0
6,V10,0.18970074209432608,1.629010062514254e-309
6,V11,0.3788234730922807,0.0
6,V12,0.6147989620976474,0.0
6,V13,0.40877367640051326,0.0
6,V14,0.4748696908474238,0.0
6,V15,0.0949615027588302,2.0211558152253785e-77
6,V16,0.02500093537182213,9.308187892591122e-06
6,V17,0.2886070976755798,0.0
6,V18,0.06258946480382643,7.669776986411433e-34
6,V19,0.07789844931780521,3.3074298211303813e-52
6,V20,0.16162737526478904,2.6488038006491876e-224
6,V21,0.28898104104657985,0.0
6,V22,0.26588796443562634,0.0
6,V23,0.1948406781572899,0.0
6,V24,0.08722138042438476,2.3120540661252926e-65
6,V25,0.2881925067018861,0.0
6,V26,0.12060509223044391,9.165546513666025e-125
6,V27,0.0498787421596697,1.2102116467337023e-21
6,V28,0.3242889226564888,0.0
6,Amount,0.11949593302716549,1.760476742680819e-122
7,V1,0.42418272054880846,0.0
7,V2,0.0981542756344222,2.902143343444081e-80
7,V3,0.5930466729425876,0.0
7,V4,0.20540565135164668,0.0
7,V5,0.21720052152742486,0.0
7,V6,0.16171267775173065,6.476081936897856e-218
7,V7,0.15276669316392583,2.1395980040531137e-194
7,V8,0.07544990117662026,1.454536767560372e-47
7,V9,0.4035669078503812,0.0
7,V10,0.16430427277390852,5.522614449837842e-225
7,V11,0.3827732186265917,0.0
7,V12,0.6255569031825476,0.0
7,V13,0.39584088321095373,0.0
7,V14,0.48704840906896874,0.0
7,V15,0.09773508761542438,1.3948571466297277e-79
7,V16,0.047378336684440414,5.28338904118288e-19
7,V17,0.29047204885632444,0.0
7,V18,0.05669348444317479,4.975949401747936e-27
7,V19,0.09569226084085353,2.6612775897920787e-76
7,V20,0.15510035203981692,2.1232414496841735e-200
7,V21,0.24658653182988477,0.0
7,V22,0.23667860748005343,0.0
7,V23,0.21849719668418166,0.0
7,V24,0.08843514346825987,3.2711623727545286e-65
7,V25,0.3249822072382099,0.0
7,V26,0.12970014423051268,4.83307237744079e-140
7,V27,0.02938155617907043,1.4294470832046283e-07
7,V28,0.31456367646981215,0.0
7,Amount,0.05671762304154396,4.722882963373809e-27
